<?xml version="1.0" encoding="UTF-8"?><idempiere Name="AD_Message" Version="1.0.0" idempiereVersion="DCI ERP" DataBaseVersion="2020-11-03" Description="" Author="SuperUser" AuthorEmail="superuser @ dcierp.com" CreatedDate="Sat Nov 07 22:09:07 CET 2020" UpdatedDate="Sat Nov 07 22:09:07 CET 2020" PackOutVersion="100" UpdateDictionary="true" Client="0-SYSTEM-System" AD_Client_UU="11237b53-9592-4af1-b3c5-afd216514b5d">
    <AD_Message type="table">
        <AD_Client_ID>0</AD_Client_ID>
        <AD_Org_ID>0</AD_Org_ID>
        <MsgType>I</MsgType>
        <MsgText>Special Editor</MsgText>
        <MsgTip/>
        <AD_Org_ID reference="id">0</AD_Org_ID>
        <IsActive>Y</IsActive>
        <Value>SpecialEditor</Value>
        <EntityType>U</EntityType>
        <AD_Message_UU>e1000427-1eac-4c15-92fd-38dc077ca4a3</AD_Message_UU>
        <AD_Message_Trl type="translation">
            <MsgText>Special Editor</MsgText>
            <MsgTip/>
            <AD_Language>es_CO</AD_Language>
            <IsActive>Y</IsActive>
            <IsTranslated>N</IsTranslated>
        </AD_Message_Trl>
        <AD_Message_Trl type="translation">
            <MsgText>Special Editor</MsgText>
            <MsgTip/>
            <AD_Language>de_DE</AD_Language>
            <IsActive>Y</IsActive>
            <IsTranslated>N</IsTranslated>
        </AD_Message_Trl>
    </AD_Message>
</idempiere>
